timestamp,GK,team1_name2,team1_name3,score1,GK,S1,S2,score2
2025-08-23T21:20:46.049000+00:00,shan,toph,danny,5,wraith,eri,hawk,0
2025-08-23T21:57:17.372000+00:00,shan,toph,danny,5,popop,hawk,anon,4
2025-09-27T20:03:50.859000+00:00,shan,popop,wraith,5,jib,hawk,muahd,0
2025-09-27T20:07:56.985000+00:00,shan,popop,hawk,5,jib,wraith,muahd,0
2025-10-02T23:18:26.312000+00:00,kami,rxob,ash,3,danny,pike,aster,5
2025-10-02T23:23:02.316000+00:00,rxob,ash,toph,5,shan,danny,aster,4
2025-10-02T23:29:22.498000+00:00,kami,pike,toph,5,rxob,danny,aster,3
2025-10-02T23:32:43.437000+00:00,toph,ash,pike,5,rxob,akil,danny,2
2025-10-02T23:36:48.661000+00:00,kami,toph,ash,5,akil,danny,pike,2
2025-10-02T23:44:49.209000+00:00,kami,aster,toph,4,rxob,danny,pike,5
2025-10-02T23:51:22.085000+00:00,pike,ash,aster,5,danny,akil,rxob,4
2025-10-02T23:57:24.465000+00:00,pike,aster,ash,3,kami,herb,akil,5
2025-10-03T00:02:27.927000+00:00,pike,danny,ash,5,kami,ema,aster,4
2025-10-03T00:10:41.896000+00:00,pike,rxob,ash,2,kami,ema,aster,5
2025-10-03T00:13:59.865000+00:00,pike,rxob,popop,5,kami,ema,aster,2
2025-10-03T00:18:13.789000+00:00,pike,rxob,popop,5,kami,ella,ash,1
2025-10-03T00:23:02.512000+00:00,kami,pike,ema,5,rxob,aster,ella,3
2025-10-03T00:28:20.707000+00:00,kami,pike,aster,5,rxob,herb,ella,4
2025-10-03T00:33:20.078000+00:00,popop,rxob,aster,5,ash,ella,ema,2
2025-10-03T00:37:23.960000+00:00,rxob,aster,ella,5,kami,ash,popop,2
2025-10-03T00:41:46.045000+00:00,aster,ella,rxob,5,kami,pike,popop,3
2025-10-03T00:49:26.261000+00:00,rxob,ella,eri,5,kami,pike,ema,4
2025-10-03T00:53:34.435000+00:00,eri,ella,rxob,2,popop,pike,ema,5
2025-10-03T01:08:34.508000+00:00,kami,ella,eri,5,popop,herb,jinsye,4
2025-10-03T01:10:32.399000+00:00,kami,eri,pike,5,popop,herb,jinsye,0
2025-10-03T01:13:48.604000+00:00,kami,jinsye,pike,5,popop,herb,ella,3
2025-10-03T01:17:13.593000+00:00,rxob,jinsye,pike,5,popop,herb,ella,3
2025-10-03T01:21:06.907000+00:00,pike,eri,rxob,5,kami,ella,ema,3
2025-10-05T10:22:40.486000+00:00,stella,kami,gentle,5,bapsy,hawk,nae,2
2025-10-08T09:42:05.130000+00:00,kami,ella,ash,4,popop,nae,eri,5
2025-10-08T09:50:12.095000+00:00,kami,ella,ash,4,popop,nae,stella,5
2025-10-08T09:56:29.960000+00:00,kami,ella,ash,1,popop,gentle,stella,5
2025-10-08T10:05:36.431000+00:00,ella,eri,popop,3,stella,gentle,kami,5
2025-10-08T10:14:17.835000+00:00,gentle,shan,stella,5,eri,popop,ash,2
2025-10-08T10:18:13.123000+00:00,gentle,stella,popop,3,eri,ella,ash,5
2025-10-08T10:23:14.792000+00:00,kami,gentle,shan,5,ella,eri,stella,3
2025-10-08T10:28:57.466000+00:00,kami,gentle,shan,5,ella,popop,ash,3
2025-10-08T10:32:26.417000+00:00,kami,gentle,shan,3,ella,popop,eri,5
2025-10-08T10:48:21.383000+00:00,kami,popop,gentle,5,shan,ella,eri,4
2025-10-09T00:27:41.805000+00:00,kami,ash,stella,2,toph,danny,jinsye,5
2025-10-09T00:31:13.774000+00:00,kami,akil,stella,0,toph,danny,jinsye,5
2025-10-09T00:35:49.936000+00:00,kami,jinsye,stella,3,toph,danny,ash,5
2025-10-09T00:43:19.631000+00:00,akil,stella,jinsye,3,toph,danny,ash,5
2025-10-09T00:48:55.924000+00:00,kami,jinsye,akil,5,toph,danny,ash,4
2025-10-09T00:55:03.739000+00:00,kami,akil,stella,4,toph,danny,ash,5
2025-10-09T01:03:17.385000+00:00,kami,stella,akil,4,danny,ash,toph,5
2025-10-10T14:03:04.124000+00:00,kami,popop,bapsy,0,shan,gentle,ash,5
2025-10-10T14:11:32.074000+00:00,kami,herb,bapsy,4,shan,gentle,ash,5
2025-10-10T14:15:54.580000+00:00,kami,herb,ash,5,popop,gentle,ash,3
2025-10-17T21:29:35.571000+00:00,kami,wraith,ella,4,popop,pike,hawk,5
2025-10-17T21:34:57.957000+00:00,wraith,ella,jinsye,5,pike,hawk,ash,2
2025-10-17T21:39:32.687000+00:00,wraith,ella,jinsye,5,pike,kami,ash,3
2025-10-17T21:43:58.781000+00:00,ella,jinsye,popop,5,pike,kami,ash,2
2025-10-17T21:48:42.939000+00:00,kami,wraith,jinsye,5,pike,ella,hawk,3
2025-10-17T21:57:18.911000+00:00,kami,ash,aster,2,ella,pike,hawk,5
2025-10-17T22:07:45.602000+00:00,ella,ash,bapsy,3,pike,wraith,aster,5
2025-10-17T22:13:47.899000+00:00,shan,hawk,aster,2,rxob,popop,wraith,5
2025-10-17T22:19:21.013000+00:00,kami,ella,mai,2,pike,ash,wraith,5
2025-10-17T22:38:09.347000+00:00,rxob,ella,mai,5,pike,bapsy,ashe,3
2025-10-17T22:42:23.607000+00:00,kami,ella,bapsy,5,rxob,mai,wraith,2
2025-10-17T22:46:17.307000+00:00,kami,ella,bapsy,5,mai,wraith,pike,2
2025-10-17T22:54:11.699000+00:00,pike,ash,mai,3,bapsy,rxob,ella,5
2025-10-17T22:57:54.352000+00:00,pike,mai,aster,1,rxob,ash,bapsy,5
2025-10-17T23:03:27.800000+00:00,pike,kami,mai,3,bapsy,ash,aster,56
2025-10-17T23:05:38.827000+00:00,kami,mai,ella,1,bap,ash,aster,5
2025-10-17T23:11:48.731000+00:00,kami,ella,mai,5,aster,bapsy,ash,1
2025-10-18T22:05:53.577000+00:00,shan,gentle,ella,1,akil,eri,wraith,5
2025-10-19T04:09:34.407000+00:00,kami,popop,jinsye,3,ella,jib,stella,5
2025-10-19T04:12:27.120000+00:00,kami,nae,jinsye,2,ella,jib,stella,5
2025-10-19T04:15:50.836000+00:00,kami,popop,nae,5,ella,jib,stella,3
2025-10-19T04:21:17.202000+00:00,jib,ella,nae,2,popop,stella,jinsye,5
2025-10-19T04:26:07.292000+00:00,kami,ella,jinsye,1,popop,jib,stella,5
2025-10-19T04:29:15.254000+00:00,kami,ella,jinsye,3,popop,jib,nae,5
2025-10-19T04:38:11.682000+00:00,kami,stella,popop,4,jib,jinsye,nae,5
2025-10-19T04:44:09.970000+00:00,kami,stella,ella,3,jib,akil,jinsye,5
2025-10-21T03:15:51.535000+00:00,kami,kaif,stella,3,pike,ella,neptune,5
2025-10-25T18:26:09.233000+00:00,kami,popop,jinsye,5,gentle,ash,aster,1
2025-10-25T18:32:48.886000+00:00,gentle,aster,herb,0,pike,popop,ash,5
2025-10-25T18:38:38.143000+00:00,gentle,aster,herb,3,kami,pike,ash,5
2025-10-25T18:43:00.823000+00:00,gentle,aster,jinsye,5,pike,popop,ash,0
2025-10-25T18:46:04.282000+00:00,kami,gentle,ella,5,pike,popop,ash,3
2025-10-25T18:52:17.788000+00:00,gentle,jinsye,aster,5,kami,popop,pike,4
2025-10-25T18:55:58.304000+00:00,gentle,jinsye,aster,5,pike,popop,ash,0
2025-10-25T18:59:14.894000+00:00,gentle,aster,ella,5,pike,popop,ash,1
2025-10-25T19:03:42.009000+00:00,kami,gentle,ella,3,pike,popop,ash,5
2025-10-25T19:11:16.169000+00:00,kami,jinsye,ella,5,pike,popop,ash,3
2025-10-25T19:17:50.070000+00:00,kami,bapsy,ella,3,pike,toph,wraith,5
2025-10-25T19:22:45.122000+00:00,kami,bapsy,akil,4,pike,toph,wraith,5
2025-10-25T19:28:21.504000+00:00,kami,akil,jib,3,pike,toph,ella,5
2025-10-26T22:57:23.185000+00:00,kami,eri,shan,5,pike,ella,jib,3
2025-10-26T23:01:42.126000+00:00,kami,toph,shan,5,pike,ella,jib,2
2025-10-26T23:03:53.914000+00:00,toph,shan,akil,0,pike,ella,jib,5
2025-10-26T23:10:38.304000+00:00,jib,pike,ella,4,toph,shan,akil,5
2025-10-26T23:15:40.489000+00:00,kami,akil,toph,2,the,lagger,jib,5
2025-10-26T23:24:03.497000+00:00,kami,akil,toph,5,jib,pike,ella,3
2025-10-26T23:32:48.576000+00:00,kami,pike,jib,3,ella,toph,akil,5
2025-10-26T23:41:55.794000+00:00,jib,eri,pike,5,ella,toph,saber,3
2025-10-26T23:46:39.525000+00:00,kami,ella,toph,5,akil,eri,pike,3
2025-10-28T11:30:03.837000+00:00,kami,bapsy,neptune,1,gentle,ash,blowpop,5
2025-10-28T11:34:10.882000+00:00,kami,wraith,bapsy,5,ash,gentle,shan,3
2025-10-28T11:40:13.355000+00:00,shan,bapsy,wraith,3,ash,popop,gentle,5
2025-10-28T11:46:03.809000+00:00,kami,ash,gentle,5,wraith,neptune,bapsy,3
2025-10-28T11:51:54.993000+00:00,kami,shan,popop,2,bapsy,gentle,other,5
2025-10-28T11:56:33.074000+00:00,kami,shan,neptune,2,bapsy,ash,wraith,5
2025-10-28T12:06:32.136000+00:00,kami,gentle,shan,2,bapsy,wraith,ash,5
2025-10-29T20:25:41.999000+00:00,kami,ema,ella,5,ash,bapsy,E,0
2025-10-29T20:30:52.298000+00:00,gentle,ella,E,5,jib,ash,bapsy,4
2025-10-29T20:38:22.003000+00:00,kami,jib,ash,1,ella,gentle,E,5
2025-10-29T20:49:37.942000+00:00,kami,gentle,E,4,ella,ash,jib,5
2025-10-31T16:29:18.505000+00:00,kami,popop,nae,5,bapsy,herb,ash,1
2025-10-31T16:33:14.258000+00:00,kami,popop,nae,5,bapsy,herb,wraith,1
2025-10-31T17:01:31.682000+00:00,kaif,popop,nae,5,bapsy,herb,diddy,3
2025-10-31T17:10:13.475000+00:00,kami,popop,wraith,5,bapsy,herb,nae,3
2025-10-31T17:14:44.091000+00:00,kami,wraith,kaif,5,jib,bapsy,herb,0
2025-10-31T17:25:14.259000+00:00,kami,nae,kaif,5,jibs,bap,herb,4
2025-10-31T21:08:55.101000+00:00,kami,aster,bapsy,3,jib,toph,ash,5
2025-10-31T21:14:14.170000+00:00,kami,aster,neptune,4,jib,toph,ash,5
2025-10-31T21:18:19.241000+00:00,bapsy,aster,neptune,0,jib,toph,ash,5
2025-10-31T21:25:59.667000+00:00,kami,aster,bapsy,4,toph,ash,jib,5
2025-10-31T21:29:20.120000+00:00,kami,aster,bapsy,5,toph,neptune,ash,3
2025-11-01T18:25:35.436000+00:00,kami,popop,wraith,3,gentle,bapsy,toph,5
2025-11-02T08:43:58.925000+00:00,rxob,hawk,ash,4,kami,neptune,stella,4
2025-11-02T08:51:11.743000+00:00,kami,shan,stella,4,rxob,nae,ash,4
2025-11-07T00:16:47.128000+00:00,toph,anon,neptune,5,kami,akil,wraith,3
2025-11-07T00:22:22.260000+00:00,toph,anon,neptune,5,kami,akil,kaif,1
2025-11-07T04:11:24.928000+00:00,toph,kaif,saber,5,shan,danny,rxob,3
2025-11-07T20:59:50.488000+00:00,kami,jinsye,neptune,0,shan,bapsy,gentle,5
2025-11-07T21:05:45.155000+00:00,kami,bapsy,jinsye,4,shan,gentle,neptune,5
2025-11-07T21:13:14.480000+00:00,kami,bapsy,jinsye,4,gentle,wraith,lala,5
2025-11-07T21:23:40.351000+00:00,bapsy,jinsye,neptune,5,gentle,toph,lala,4
2025-11-07T21:30:21.852000+00:00,gentle,kami,neptune,5,toph,wraith,jinsye,2
2025-11-07T21:34:28.230000+00:00,gentle,kami,bapsy,2,toph,wraith,jinsye,5
2025-11-07T21:47:37.401000+00:00,kami,wraith,toph,5,gentle,jinsye,lala,1
2025-11-07T21:51:35.983000+00:00,kami,gentle,jinsye,0,toph,wraith,lala,5
2025-11-07T21:59:23.370000+00:00,kami,gentle,jinsye,5,toph,wraith,lala,4
2025-11-13T01:19:35.451000+00:00,kami,popop,ema,1,pike,ella,rxob,5
2025-11-14T17:28:50.210000+00:00,kami,bapsy,ash,5,gentle,popop,nae,4
2025-11-14T17:36:18.939000+00:00,shan,bapsy,kami,3,gentle,eri,popop,5
2025-11-14T17:44:14.476000+00:00,shan,bapsy,gae,3,gentle,eri,ash,5
2025-11-14T17:52:27.665000+00:00,kami,bapsy,nae,5,gentle,popop,ash,4
2025-11-14T23:54:18.676000+00:00,kami,hawk,mai,1,jib,jinsye,akil,5
2025-11-16T04:04:01.114000+00:00,jib,ema,akil,2,gentle,kaif,neptune,2
2025-11-17T19:45:51.302000+00:00,kami,gentle,popop,2,pike,ash,eri,5
2025-11-17T19:53:22.680000+00:00,kami,gentle,popop,5,pike,ash,hawk,4
2025-11-17T19:59:46.134000+00:00,kami,gentle,neptune,5,pike,ash,hawk,3
2025-11-17T20:04:42.532000+00:00,kami,gentle,neptune,5,pike,popop,hawk,1
2025-11-17T20:10:07.985000+00:00,neptune,popop,gentle,2,shan,pikeman,hawk,5
2025-11-17T20:17:34.734000+00:00,ash,kami,gentle,2,shan,hawk,popop,5
2025-11-17T20:20:49.201000+00:00,gentle,ash,pike,5,shan,popop,nep,0
2025-11-17T20:24:38.947000+00:00,shan,kami,neptune,5,gentle,ash,pike,1
2025-11-17T20:30:10.766000+00:00,gentle,pike,kami,5,ad,astera,per,4
2025-11-17T20:37:14.350000+00:00,gentle,pike,ash,5,ad,astera,per,4
2025-11-17T20:43:09.292000+00:00,gentle,pike,wraith,5,shan,kami,neptune,3
2025-11-17T20:48:19.066000+00:00,gentle,pike,hawk,5,shan,kami,neptune,2
2025-11-20T19:00:53.712000+00:00,kami,kaif,hawk,5,eri,E,pikeman,1
2025-11-20T19:07:47.835000+00:00,shan,kami,E,0,pike,kaif,hawk,5
2025-11-20T19:12:03.504000+00:00,kami,neptune,E,2,pike,hawk,kaif,5
2025-11-21T17:33:31.701000+00:00,jibscar,popop,kami,5,gentle,bapsy,ema,4
2025-11-21T17:39:52.417000+00:00,jibscar,popop,ash,4,gentle,bapsy,ema,5
2025-11-21T17:44:55.282000+00:00,jib,ash,eri,5,kami,gentle,bapsy,2
2025-11-21T17:52:58.547000+00:00,jib,eri,popop,5,gentle,kami,bapsy,2
2025-11-21T18:01:08.475000+00:00,jib,popop,neptune,5,gentle,kami,bapsy,4
2025-11-21T18:09:20.151000+00:00,gentle,popop,neptune,5,kami,bapsy,ash,3
2025-11-21T18:15:10.004000+00:00,gentle,neptune,akil,5,kami,bapsy,ash,3
2025-11-21T18:33:07.064000+00:00,gentle,kami,ash,5,nep,popop,ema,4
2025-11-21T18:43:16.985000+00:00,pike,popop,ash,5,neptune,kami,bapsy,1
2025-11-21T18:49:37.601000+00:00,pike,popop,ash,5,kami,neptune,bapsy,4
2025-11-25T00:16:44.117000+00:00,kami,neptune,ash,2,pike,hawk,wraith,5
2025-11-26T05:39:38.261000+00:00,kami,herb,nae,5,kaif,danny,anon,0
2025-11-26T05:46:12.401000+00:00,kami,herb,nae,5,ella,danny,hawk,2
2025-11-26T05:52:17.481000+00:00,kaif,ema,anon,5,kami,danny,hawk,3
2025-11-26T05:57:28.206000+00:00,kaif,herb,anon,5,kami,danny,hawk,3
2025-11-26T06:02:56.305000+00:00,kaif,herb,anon,5,kami,danny,hawk,1
2025-11-26T06:06:14.117000+00:00,neptune,ema,anon,5,nae,hawk,danny,0
2025-11-26T17:00:09.742000+00:00,kami,ash,nae,5,neptune,kaif,rxob,4
2025-11-26T17:04:45+00:00,kami,ema,nae,1,neptune,kaif,rxob,5
2025-11-26T17:10:35.060000+00:00,kami,ema,nae,0,pike,rxob,kaif,5
2025-11-26T17:17:25.920000+00:00,rxob,ash,nae,3,pike,hawk,neptune,5
2025-11-26T17:22:10.450000+00:00,kami,ash,nae,3,pike,hawk,bapsy,5
2025-11-26T17:27:26.431000+00:00,gentle,nae,ash,2,bapsy,hawk,popop,5
2025-11-26T17:40:48.538000+00:00,kami,ash,gentle,3,bapsy,popop,hawk,5
2025-11-26T17:45:50.360000+00:00,kami,ash,gentle,3,bapsy,wraith,hawk,5
2025-11-26T17:50:48.819000+00:00,gentle,kami,popop,5,bapsy,nae,wraith,4
2025-11-26T18:04:11.814000+00:00,kami,gentle,hawk,5,bapsy,wraith,nae,2
2025-11-26T18:07:13.071000+00:00,kami,gentle,hawk,5,bapsy,wraith,ash,1
2025-11-26T18:11:56.941000+00:00,gentle,bapsy,hawk,3,kami,popop,ash,5
2025-11-26T18:21:38.516000+00:00,gentle,bapsy,wraith,5,kami,nae,ash,0
2025-11-26T18:26:36.513000+00:00,gentle,wraith,ash,5,kami,popop,nae,1
2025-11-27T19:03:59.063000+00:00,kami,aster,ash,4,neptune,wraith,E,5
2025-11-28T00:06:29.891000+00:00,kami,kaif,ash,5,gentle,hawk,aster,0
2025-11-28T00:16:01.437000+00:00,kami,ash,aster,2,jib,wraith,hawk,5
2025-11-28T00:22:54.910000+00:00,jib,kami,ash,1,gentle,aster,wraith,5
2025-11-28T00:34:30.653000+00:00,kami,ash,hawk,0,gentle,kaif,aster,5
2025-11-28T00:43:54.515000+00:00,jib,kami,hawk,1,gentle,kaif,aster,5
2025-11-28T00:52:14.175000+00:00,jib,wraith,kami,5,gentle,aster,jinsye,1
2025-11-28T01:01:33.146000+00:00,jib,hawk,wraith,1,gentle,aster,jinsye,5
2025-11-28T01:12:06.673000+00:00,jib,wraith,hawk,5,gentle,aster,anon,3
2025-11-28T19:33:02.968000+00:00,kami,aster,neptune,5,popop,kaif,ash,0
2025-11-28T19:46:58.322000+00:00,jib,aster,neptune,5,kami,pike,ash,3
2025-11-28T19:50:40.969000+00:00,pike,aster,jinsye,5,kami,popop,ash,4
2025-11-28T19:57:03.189000+00:00,kami,pike,ash,4,popop,aster,jinsye,5
2025-11-28T20:05:43.254000+00:00,popop,aster,jinsye,3,pike,kaif,neptune,5
2025-11-30T22:22:14.426000+00:00,kami,aster,ash,5,pike,ema,danny,4
2025-11-30T22:28:35.537000+00:00,rxob,ema,aster,5,pike,danny,cawk,1
2025-11-30T22:35:32.012000+00:00,kami,aster,ema,0,pike,rxob,cawk,5
2025-11-30T22:49:36.919000+00:00,kami,aster,ema,5,pike,rxob,ash,4
2025-11-30T22:55:27.737000+00:00,wraith,rxob,aster,4,pike,herb,ash,5
2025-11-30T23:11:54.575000+00:00,kami,wraith,hawk,5,pike,aster,ash,3
2025-12-01T03:34:58.981000+00:00,kami,pike,ash,5,kaif,nae,anon,2
2025-12-01T03:41:09.678000+00:00,pike,klanon,ash,5,shan88,neptune,air,3
2025-12-01T04:03:03.797000+00:00,pike,klanon,ash,5,kami,shan,gentle,3
2025-12-01T04:07:31.045000+00:00,gentle,anon,ash,1,shan,kami,pike,5
2025-12-01T04:12:08.231000+00:00,shan,gentle,anon,1,kami,ash,pike,5
2025-12-01T04:20:34.909000+00:00,shan,gentle,anon,5,kami,pike,neptune,0
2025-12-01T04:29:46.575000+00:00,shan,gentle,ash,5,kami,pike,neptune,4
2025-12-01T04:41:43.129000+00:00,gentle,anon,ash,2,pike,kaif,neptune,5
2025-12-01T04:47:39.286000+00:00,gentle,anon,ash,5,pike,kaif,kami,0
2025-12-01T04:53:09.517000+00:00,shan,gentle,ash,2,pike,kaif,kami,5
2025-12-01T05:00:02.097000+00:00,shan,gentle,ash,3,pike,kaif,ella,5
2025-12-01T05:07:50.962000+00:00,gentle,kami,ash,5,rxob,pike,ella,3
2025-12-02T08:29:32.194000+00:00,neptune,jinsye,hawk,1,kami,E,stella,5
2025-12-02T08:36:55.898000+00:00,bapsy,jinsye,hawk,5,kami,stella,E,2
2025-12-02T08:41:18.812000+00:00,bapsy,hawk,E,5,kami,jinsye,stella,2
2025-12-02T20:33:50.481000+00:00,kami,wraith,ash,2,bapsy,popop,stella,5
2025-12-02T21:00:14.540000+00:00,kami,popop,stella,1,jib,bapsy,wraith,5
2025-12-06T18:07:10.883000+00:00,gentle,kami,nae,2,kaif,popop,jinsye,5
2025-12-06T18:20:22.622000+00:00,kami,ash,neptune,4,gentle,ash,jinsye,5
2025-12-06T18:30:52.570000+00:00,kami,popop,jinsye,3,gentle,neptune,wraith,5
2025-12-06T18:40:11.985000+00:00,kami,klanon,nae,3,gentle,jinsye,wraith,5
2025-12-06T18:46:02.480000+00:00,kami,popop,klanon,0,gentle,wraith,jinsye,5
2025-12-06T18:52:21.755000+00:00,kami,gentle,klanon,2,popop,wraith,jinsye,5
2025-12-06T18:56:49.279000+00:00,kami,gentle,nae,4,neptune,popop,wraith,5
2025-12-06T19:30:09.431000+00:00,shan,anon,kaif,3,gentle,wraith,jinsye,5
2025-12-06T19:35:52.514000+00:00,kami,kaif,E,1,gentle,wraith,jinsye,5
2025-12-06T19:47:18.351000+00:00,kami,kaif,shan,5,gentle,wraith,E,3
2025-12-06T19:51:29.372000+00:00,shan,anon,ash,0,gentle,wraith,E,5
2025-12-06T19:54:39.645000+00:00,shan,anon,ash,5,eri,wraith,E,4
2025-12-06T20:01:24.421000+00:00,shan,anon,eri,5,rothschild,legacy,,3
2025-12-07T01:26:21.188000+00:00,pike,herb,anon,5,kami,rxob,ash,4
2025-12-07T01:50:08.426000+00:00,kami,ella,b1x,4,pike,ash,rxob,5
2025-12-07T01:54:37.752000+00:00,kami,ella,b1x,1,pike,shan,rxob,5
2025-12-07T18:00:48.737000+00:00,kami,E,ash,4,popop,jinsye,delta,5
2025-12-07T18:10:25.511000+00:00,kami,E,ash,5,popop,delta,nae,1
2025-12-07T18:14:44.023000+00:00,popop,nae,delta,4,kami,jinsye,ash,5
2025-12-07T18:20:25.513000+00:00,popop,jinsye,delta,5,kami,ash,nae,1
2025-12-09T13:34:23.895000+00:00,gentle,hawk,nae,5,bap,popop,ash,1
2025-12-09T13:41:07.010000+00:00,lentle,cawk,naeshit,0,bapsy,popop,rxob,5
2025-12-09T13:45:41.086000+00:00,gentle,hawk,kami,5,bapsy,popop,rxob,1
2025-12-09T13:58:48.607000+00:00,gentle,kami,nae,5,bapsy,popop,cawk,4
2025-12-09T14:11:02.563000+00:00,gentle,kami,ash,5,bapsy,popop,hawk,3
2025-12-09T16:46:53.040000+00:00,gentle,ash,aster,5,kami,kaif,nae,3
2025-12-09T16:56:21.877000+00:00,gentle,aster,rxob,5,kami,kaif,nae,1
2025-12-09T17:00:41.075000+00:00,gentle,aster,rxob,5,kami,kaif,hawk,1
2025-12-09T17:07:30.241000+00:00,gentle,rxob,neptune,5,kami,kaif,hawk,3
2025-12-09T17:12:19.901000+00:00,gentle,rxob,nae,3,kami,kaif,hawk,5
2025-12-09T17:17:01.419000+00:00,gentle,rxob,aster,5,kami,kaif,hawk,4
2025-12-09T17:31:41.881000+00:00,rxob,neptune,gentle,5,kami,hawk,nae,3
2025-12-10T01:20:41.802000+00:00,kami,danny,aster,5,shan,kaif,jinsye',3
2025-12-10T01:31:16.915000+00:00,pike,aster,danny,5,shan,ash,jinsye,3
2025-12-10T01:37:59.261000+00:00,pike,danny,aster,5,kami,kaif,ash,2
2025-12-10T01:47:37.340000+00:00,pike,aster,danny,4,shan,kami,ash,5
2025-12-10T01:58:17.091000+00:00,pike,kami,aster,5,shan,danny,ash,2
2025-12-10T02:00:24.469000+00:00,pike,aster,ash,0,shan,danny,kami,5
2025-12-10T02:10:59.692000+00:00,aster,pike,anon,2,shan,kaif,danny,5
2025-12-10T02:20:16.352000+00:00,kami,shan,anon,1,pike,kaif,danny,5
2025-12-11T06:14:47.694000+00:00,popop,toph,katie,5,kami,kaif,ash,4
2025-12-11T06:25:09.103000+00:00,toph,ash,delta,5,kami,hawk,katie,2
2025-12-11T06:33:33.902000+00:00,popop,delta,ash,4,kami,hawk,katie,5
2025-12-12T00:56:36.226000+00:00,kami,kaif,anon,5,toph,rxob,wraith,2
2025-12-12T01:05:26.048000+00:00,kami,hawk,anon,3,toph,kaif,rxob,5
2025-12-12T01:09:48.373000+00:00,wraith,anon,hawk,1,kami,kaiferno,rxob,5
2025-12-12T01:18:33.993000+00:00,kami,wraith,anon,5,rxob,kaif,hawk,1
2025-12-12T01:22:54.411000+00:00,wraith,anon,rxob,2,kami,hawk,akil,5
2025-12-22T02:06:17.649000+00:00,kami,aster,toph,5,gentle,shan,ema,0
2025-12-22T02:22:29.056000+00:00,aster,akil,toph,4,gentle,ema,hawk,5
2025-12-23T15:38:32.404000+00:00,shan,bapsy,neptune,3,kami,eri,nae,5
2025-12-23T15:51:36.591000+00:00,kami,eri,akil,5,shan,bapsy,nae,2
2025-12-23T16:00:35.245000+00:00,kami,anon,nae,5,shan,akil,neptune,4
2025-12-23T18:33:12.063000+00:00,kami,anon,ash,3,popop,bapsy,mai,5
2025-12-23T18:40:54.258000+00:00,nep,anon,ash,3,popop,bapsy,mai,5
2025-12-24T01:00:36.946000+00:00,gentle,pike,mai,3,aster,shan,kami,5
2025-12-24T01:12:43.945000+00:00,gentle,pike,akil,3,aster,bapsy,kami,5
2025-12-24T01:16:01.506000+00:00,pike,bapsy,mai,0,aster,kami,akil,5
2025-12-24T01:21:19.981000+00:00,pike,bapsy,mai,3,aster,kami,toph,5
2025-12-24T05:26:35.229000+00:00,shan,kami,stella,5,neptune,aster,ash,0
2025-12-24T05:31:06.540000+00:00,aster,kami,stella,3,shan,neptune,ash,5
2025-12-24T05:37:12.975000+00:00,shan,stella,neptune,3,aster,kami,akil,5
2025-12-24T05:47:10.507000+00:00,shan,akil,stella,4,aster,kami,ash,5
2025-12-24T05:50:40.743000+00:00,kami,akil,mai,2,aster,ash,stella,5
2025-12-25T17:49:44.982000+00:00,popop,akil,anon,2,kami,bapsy,ash,5
2025-12-25T18:00:55.919000+00:00,aster,anon,popop,5,kami,ash,eri,4
2025-12-25T18:17:54.534000+00:00,aster,akil,nae,5,kami,bapsy,ash,2
2025-12-25T18:31:50.992000+00:00,kami,bap,ash,5,shan,popop,aster,3
2025-12-25T18:40:43.214000+00:00,kami,eri,nae,4,shan,popop,aster,5
2025-12-25T18:45:28.458000+00:00,kami,eri,ash,3,shan,bap,aster,5
2025-12-25T18:56:41.939000+00:00,shan,bapsy,nae,5,kami,popop,ash,4
2025-12-25T19:06:04.079000+00:00,shan,bapsy,ash,5,kami,popop,mai,4
2025-12-25T19:18:22.350000+00:00,shan,nae,ash,4,kami,popop,mai,5
2025-12-25T19:23:56.620000+00:00,aster,kami,E,4,shan,ash,mai,5
2025-12-25T19:35:56.668000+00:00,aster,nae,E,3,shan,popop,mai,5
2025-12-25T19:41:42.821000+00:00,aster,nae,ash,5,shan,popop,mai,1
2025-12-26T01:40:20.565000+00:00,kami,eri,hawk,5,aster,wraith,akil,3
2025-12-26T01:50:36.211000+00:00,kami,eri,ema,3,gentle,wraith,aster,5
2025-12-26T02:05:46.675000+00:00,eri,herb,akil,4,aster,wraith,hawk,5
2025-12-26T02:19:52.646000+00:00,kami,hawk,akil,0,shan,eri,aster,5
2025-12-26T03:12:13.505000+00:00,shan,aster,mai,5,kami,hawk,akil,2
2025-12-26T03:15:47.564000+00:00,shan,eri,mai,4,kami,hawk,aster,5
2025-12-26T03:28:01.973000+00:00,kami,eri,mai,3,shan,aster,hawk,5
2025-12-27T00:53:02.169000+00:00,shan,aster,anon,5,jib,kami,stella,3
2025-12-27T00:59:18.941000+00:00,aster,anon,wraith,5,jib,kami,stella,1
2025-12-27T01:16:44.200000+00:00,aster,anon,kami,4,jib,bapsy,stella,5
2025-12-27T01:26:05.332000+00:00,aster,anon,akil,1,jib,shan,bapsy,5
2025-12-27T01:40:56.379000+00:00,shan,anon,bapsy,5,aster,kami,akil,3
2025-12-27T01:53:51.748000+00:00,shan,anon,jinsye,5,jib,bapsy,mai,3
2025-12-27T02:02:13.636000+00:00,shan,anon,jinsye,4,kami,bapsy,mai,5
2025-12-27T14:38:29.241000+00:00,popop,eri,nae,5,kami,bapsy,hawk,1
2025-12-27T14:58:46.390000+00:00,kami,eri,nae,3,bapsy,popop,hawk,5
2025-12-27T15:10:02.545000+00:00,bapsy,hawk,nae,5,popop,kami,eri,3
2025-12-28T03:05:47.551000+00:00,shan,gentle,akil,2,aster,danny,hawk,5
2025-12-28T03:05:57.326000+00:00,shan,hawk,akil,2,aster,danny,kami,5
2025-12-28T03:09:51.844000+00:00,gentle,akil,hawk,2,aster,danny,kami,5
2025-12-28T03:37:49.340000+00:00,gentle,kami,akil,5,shan,hawk,jinsye,3
2025-12-28T03:42:50.615000+00:00,kami,akil,hawk,5,shan,gentle,mai,4
2025-12-28T03:47:30.758000+00:00,gentle,kami,hawk,5,shan,jinsye,mai,4
2025-12-28T03:57:03.185000+00:00,shan,kami,mai,1,gentle,hawk,jinsye,5
2025-12-28T22:35:20.911000+00:00,shan,popop,mai,3,kami,toph,danny,5
2025-12-28T22:37:36.586000+00:00,kami,eri,mai,5,toph,akil,danny,1
2025-12-28T22:41:48.743000+00:00,kami,eri,akil,5,shan,popop,mai,1
2025-12-28T22:54:23.185000+00:00,kami,anon,eri,5,gentle,popop,mai,0
2025-12-28T22:57:54.878000+00:00,kami,eri,mai,5,gentle,popop,anon,4
2025-12-28T23:02:32.422000+00:00,gentle,anon,akil,5,shan,popop,mai,2
2025-12-28T23:11:44.323000+00:00,gentle,eri,kami,4,shan,popop,akil,5
2025-12-28T23:20:53.600000+00:00,gentle,eri,anon,5,kami,popop,mai,2
2025-12-28T23:29:25.691000+00:00,gentle,eri,anon,5,kami,jinsye,mai,1
2025-12-30T06:57:17.188000+00:00,jib,popop,hawk,5,kami,jinsye,nep,3
2025-12-30T07:00:50.338000+00:00,toph,popop,hawk,5,kami,jinsye,akil,1
2025-12-30T07:11:12.041000+00:00,kaiferno,akil,hawk,5,jib,jinsye,toph,3
2025-12-30T07:23:50.596000+00:00,kami,popop,jinsye,3,jib,kaif,akil,5
2025-12-30T07:39:30.198000+00:00,kami,toph,jinsye,3,jib,popop,hawk,5
2025-12-30T07:48:03.153000+00:00,kami,akil,toph,2,jib,popop,shan,5
2026-01-02T04:35:52.412000+00:00,cartel,de,sinaloa,5,kaiferno,hawk,stella,4
2026-01-02T04:41:09.237000+00:00,kami,anon,hawk,1,akil,toph,danny,5
2026-01-02T04:46:16.600000+00:00,kami,anon,hawk,5,akil,toph,stella,2
2026-01-03T00:43:31.476000+00:00,popop,toph,wraith,5,kami,eri,rxob,3
2026-01-03T00:55:04.117000+00:00,kami,rxob,toph,5,pike,popop,wraith,2
2026-01-03T01:00:42.579000+00:00,gentle,toph,anon,5,pike,rxob,wratih,2
2026-01-03T01:09:28.005000+00:00,gentle,rxob,anon,4,pike,toph,wraith,5
2026-01-03T01:17:56.901000+00:00,jib,anon,wraith,4,gentle,toph,rxob,5
2026-01-03T01:25:17.260000+00:00,kami,pike,anon,3,gentle,rxob,toph,5
2026-01-04T21:45:16.521000+00:00,kami,anon,stella,3,aster,wraith,ash,5
2026-01-04T21:55:30.010000+00:00,aster,wraih,anon,5,kami,popop,ash,1
2026-01-04T22:06:09.718000+00:00,kami,wraith,stella,3,aster,popop,anon,5
2026-01-04T22:14:40.163000+00:00,kami,anon,ash,5,wraith,popop,stella,1
2026-01-06T14:04:12.284000+00:00,kami,bapsy,neptune,4,shan,popop,nae,5
2026-01-10T23:09:31.052000+00:00,kami,pike,jinsye,5,shan,popop,mai,0
2026-01-10T23:17:51.841000+00:00,kami,pike,akil,5,shan,hawk,mai,3
2026-01-10T23:28:18.734000+00:00,popop,jinsye,hawk,5,kami,shan,mai,3
2026-01-10T23:34:31.207000+00:00,kami,shan,jinsye,2,popop,eri,mai,5
2026-01-10T23:41:08.996000+00:00,kami,popop,pike,5,shan,eri,mai,3
2026-01-10T23:52:20.464000+00:00,shan,hawk,popop,2,kami,eri,jinsye,5
2026-01-10T23:56:19.282000+00:00,pike,jinsye,eri,3,shan,hawk,popop,5
2026-01-11T00:00:13.178000+00:00,kami,eri,pike,5,shan,hawk,popop,1
2026-01-14T01:52:46.279000+00:00,shan,popop,mai,5,kami,aster,jinsye,0
2026-01-14T02:04:34.021000+00:00,popop,anon,mai,5,kami,aster,stella,3
2026-01-14T02:08:33.828000+00:00,pike,aster,anon,5,kami,popop,stella,1
2026-01-15T16:42:41.513000+00:00,kami,rxob,ash,3,bapsy,aster,nae,5
2026-01-15T16:50:32.420000+00:00,bapsy,ash,hawk,0,kami,aster,rxob,5
2026-01-15T17:11:09.816000+00:00,kami,ash,wraith,5,bapsy,aster,rxob,3
2026-01-15T17:16:21.064000+00:00,kami,ash,wraith,3,rxob,hawk,aster,5
2026-01-17T01:52:31.873000+00:00,eri,rxob,mai,4,kami,anon,stella,5
2026-01-17T01:58:02.529000+00:00,shan,anon,mai,5,akil,eri,rxob,4
2026-01-17T02:09:56.762000+00:00,shan,akil,stella,4,kami,aster,mai,5
2026-01-17T05:41:09.425000+00:00,akil,jinsye,toph,5,kami,ella,pike,4
2026-01-17T05:57:57.887000+00:00,pike,kaif,ash,5,kami,toph,akil,4
2026-01-17T06:03:00.198000+00:00,pike,jinsye,ash,3,akil,ella,toph,5
2026-01-17T06:12:20.779000+00:00,pike,toph,ash,5,kami,jinsye,akil,2
2026-01-17T18:38:07.330000+00:00,rxob,bapsy,kami,5,aster,pike,ash,0
2026-01-17T18:40:18.147000+00:00,bapsy,wraith,anon,5,rxob,pike,aster,0
2026-01-18T02:40:25.144000+00:00,rxob,popop,jinsye,5,kam,pike,mai,1
2026-01-18T02:47:58.418000+00:00,rxob,popop,toph,5,kami,pike,mai,2
2026-01-18T02:52:47.337000+00:00,rxob,toph,jinsye,5,jib,pike,mai,3
2026-01-18T02:56:42.809000+00:00,rxob,kami,popop,5,jib,jinsye,pike,0
2026-01-18T03:10:43.946000+00:00,jib,pike,kaif,0,kami,jinsye,akil,5
2026-01-19T05:43:09.275000+00:00,jib,ella,anon,4,shan,kaif,kami,4
2026-01-19T05:49:26.565000+00:00,kami,kaif,katie,4,pike,ella,anon,4
2026-01-20T00:07:04.430000+00:00,jib,popop,hawk,2,kami,toph,mai,5
2026-01-20T00:18:37.605000+00:00,kami,toph,hawk,5,shan,kaif,mai,2
2026-01-20T00:34:49.304000+00:00,toph,jib,popop,5,shan,kaif,mai,2
2026-01-20T00:48:53.343000+00:00,kami,popop,jib,5,toph,shan,hawk,4
2026-01-20T00:52:58.472000+00:00,shan,kami,hawk,5,jib,toph,stella,1
2026-01-22T00:08:16.693000+00:00,aster,ella,katie,1,rxob,kami,stella,5
2026-01-22T00:15:33.102000+00:00,shan,wraith,stella,5,aster,kami,ella,3
2026-01-22T00:27:56.687000+00:00,aster,wraith,katie,5,shan,kami,rxob,4
2026-01-22T00:39:39.254000+00:00,aster,rxob,stella,2,kami,ella,katie,5
2026-01-22T00:49:41.788000+00:00,kami,rxob,wraith,5,shan,ella,katie,1
2026-01-22T00:56:18.897000+00:00,kami,wraith,lxob,5,shan,ella,katie,4
2026-01-22T01:10:00.015000+00:00,bapsy,wraith,stella,4,shan,ella,rxob,5
2026-01-22T01:15:26.259000+00:00,kami,wraith,bapsy,5,rxob,eri,ella,3
2026-01-22T01:25:56.577000+00:00,bapsy,eri,popop,5,jib,wraith,kami,4
2026-01-22T01:38:47.740000+00:00,kami,ella,rxob,4,jib,bapsy,popop,5
2026-01-22T01:52:25.691000+00:00,bapsy,kaif,rxob,3,kami,ella,eri,5
2026-01-22T01:59:31.715000+00:00,jib,kaif,rxob,5,kami,ella,eri,4
2026-01-22T02:11:04.538000+00:00,jib,kaif,ella,5,kami,popop,eri,2
2026-01-24T00:56:11.374000+00:00,akil,wraith,mai,4,kami,jinsye,rxob,5
2026-01-24T01:04:43.561000+00:00,rxob,eri,akil,5,shan,kami,mai,0
2026-01-24T01:12:28.501000+00:00,rxob,akil,katie,1,kami,eri,mai,5
2026-01-24T23:22:42.394000+00:00,pike,wraith,katie,5,jib,kami,akil,2
2026-01-24T23:30:30.634000+00:00,kami,wraith,ash,5,jib,akil,rxob,0
2026-01-24T23:42:18.327000+00:00,kami,wraith,katie,4,jib,pike,rxob,5
2026-01-25T01:52:18.281000+00:00,akil,jinsye,toph,5,rxob,kami,katie,3
2026-01-25T02:09:51.010000+00:00,kami,jinsye,ella,4,rxob,eri,akil,5
2026-01-25T02:18:35.280000+00:00,kami,jinsye,ella,4,rxob,eri,kati,5
2026-01-25T15:56:00.483000+00:00,british,east,india,4,kami,ella,bapsy,5
2026-01-25T16:00:52.312000+00:00,british,east,india,5,bapsy,eri,ella,3
2026-01-25T16:05:16.421000+00:00,kami,pike,ash,5,neptune,eri,ella,3
2026-01-25T16:12:46.744000+00:00,kami,ella,ash,2,pike,popop,eri,5
2026-01-25T16:28:16.892000+00:00,gentle,neptune,ash,5,kami,pike,nae,3
2026-01-25T16:37:38.725000+00:00,gentle,ash,eri,5,kami,pike,pikeman2,1
2026-01-25T16:49:50.072000+00:00,gentle,eri,nae,5,kami,pike,pikeman2,4
2026-01-25T16:58:33.026000+00:00,gentle,eri,nae,5,kami,pike,neptune,3
2026-01-26T15:03:40.974000+00:00,kami,ella,ash,4,gentle,eri,nae,5
2026-01-26T15:18:39.639000+00:00,kami,ella,ash,1,bapsy,eri,nae,5
2026-01-26T16:01:28.725000+00:00,kami,ella,ash,2,bapsy,wraith,eri,5
2026-01-26T16:08:49.816000+00:00,kami,ella,ash,5,bapsy,wraith,nae,1
2026-01-26T16:15:11.112000+00:00,kami,ella,ash,3,bapsy,eri,nae,5
2026-01-27T23:33:31.691000+00:00,jib,eri,ash,5,kami,ella,kaif,2
2026-01-27T23:40:15.236000+00:00,aster,eri,ash,5,jib,ella,kaif,4
2026-01-27T23:52:39.169000+00:00,aster,wraith,ash,5,jib,ella,kami,3
2026-01-29T02:25:01.561000+00:00,shan,hawk,stella,4,kami,popop,akil,5
2026-01-29T02:32:00.868000+00:00,akil,kaif,neptune,0,shan,popop,hawk,5
2026-01-29T02:40:20.428000+00:00,kami,popop,hawk,3,shan,kaif,stella,5
2026-01-29T02:44:50.891000+00:00,neptune,kami,hawk,5,shan,kaif,stella,1
2026-01-29T02:52:36.161000+00:00,shan,hawk,anon,5,akil,kami,stella,1
2026-01-29T02:55:50.947000+00:00,shan,popop,anon,3,akil,kami,stella,5
2026-01-29T20:34:35.035000+00:00,bapsy,anon,hawk,4,jib,wraith,ash,5
2026-01-29T20:40:00.664000+00:00,bapsy,anon,hawk,3,jib,wraith,kami,5
2026-01-29T20:53:01.035000+00:00,bapsy,wraith,hawk,4,jib,anon,kami,5
2026-01-29T20:57:14.572000+00:00,kami,bapsy,ash,5,jib,anon,hawk,2
2026-01-29T22:43:30.972000+00:00,kami,stella,kaiferno,3,gentle,hawk,mai,5
2026-01-29T22:48:41.007000+00:00,kami,stella,kaiferno,1,gentle,hawk,mai,5
2026-01-29T22:50:56.135000+00:00,kami,stella,kaiferno,1,gentle,hawk,mai,5
